"","Pm","Kg","Mm","Mb","Zc","Me","Md","Gm","Gg","Dd"
"Rho",0.647987618835928,0.588779564819418,0.344597152411743,0.26808669135081,0.525253721092699,0.724388963266504,0.613174907781322,0.616986142229315,0.683950323088002,0.877774295117592
"MAE",126.631313236574,3.05821898712818,4.90123095951492,8.74464470388282,29.9418978823575,45.1208384343362,42.2544054074773,35.1273381461613,62.3819725533302,101.363524474469
"Norm_MAE",0.0869123632371818,0.0288511225200772,0.0731527008882824,0.0857318108223806,0.0479070366117719,0.0915229988526089,0.200257845533068,0.0758689808772382,0.0617643292607229,0.0669508087678133
"MAPE",3.64119248370809,1.00260535133187,1.09882779790266,1.87383699579422,2.42078152392012,2.39511965129141,2.34018337276752,4.12668717884859,4.11079630112955,1.0838371443159
